{
    "What is MARCOS?": 5.293248052103987e-155,
    "When was MARCOS established?": 2.9245623776458893e-155,
    "What are some notable operations conducted by MARCOS?": 4.806971644017488e-232,
    "What is Para SF?": 1.6138666492065688e-78,
    "When was Para SF formed?": 1.4479852985999321e-78,
    "What are some famous missions of Para SF?": 1.0982820006471467e-231,
    "What is the selection process for MARCOS?": 3.7109436497446393e-155,
    "What is the training duration for Para SF?": 3.624879844624495e-232,
    "Where are MARCOS bases located?": 3.360348760350594e-232,
    "What are some specialized skills of Para SF operatives?": 3.5691354433752326e-155,
    "What is the Special Group (SG) of India?": 0.2292698010890172,
    "What are some known operations of the Special Group?": 0.059256481654251326,
    "Where is the Special Group headquartered?": 0.44283545154285925,
    "What is the Garud Commando Force?": 0.39013559675545895,
    "What is the selection process for Garud Commandos?": 2.6032598810444616e-155,
    "What are some notable operations of the Garud Commando Force?": 8.343503916124637e-79,
    "What is the training duration for Special Group operatives?": 3.7210687486419096e-155,
    "What specialized skills do Garud Commandos have?": 3.3887566706830826e-155
}